<?xml version="1.0" encoding="UTF-8"?>
<project-private xmlns="http://www.netbeans.org/ns/project-private/1">
    <editor-bookmarks xmlns="http://www.netbeans.org/ns/editor-bookmarks/2" lastBookmarkId="0"/>
    <open-files xmlns="http://www.netbeans.org/ns/projectui-open-files/2">
        <group>
            <file>file:/C:/wamp/www/SQLCrashData/connect.php</file>
            <file>file:/C:/wamp/www/SQLCrashData/CrashData.php</file>
            <file>file:/C:/wamp/www/SQLCrashData/setup.php</file>
            <file>file:/C:/wamp/www/SQLCrashData/index.php</file>
            <file>file:/C:/wamp/www/SQLCrashData/crashdata.xml</file>
            <file>file:/C:/wamp/www/SQLCrashData/Crashmap.php</file>
        </group>
    </open-files>
</project-private>
